{
  "GD": 0.681698757998328,
  "HC": 2.226065486668438,
  "LAHC": 0.6552639220447798,
  "LAHC_Improved": 0.6443316137783484,
  "NLGD": 0.9951538731706844,
  "Random_Walk": 2.824137493835366,
  "RR_Exponential": 0.645825315353088,
  "RR_Linear": 0.47321430390208086,
  "RR_Linear_Fixed_End": 0.5142025576981402,
  "SA_Exponential": 0.40942943789752384,
  "SA_Exponential_Adaptive": 0.5092068228446323,
  "SA_Exponential_Magic_Number": 0.4000819580436188,
  "SA_Exponential_Magic_Number_0": 0.4577946862529547,
  "SA_Exponential_Reheating": 0.42835162214280853,
  "SA_Linear": 0.3994973914762445,
  "SA_Linear_Fixed_End": 0.407240217553384,
  "TA_Exponential": 0.7587460282163061,
  "TA_Linear": 0.4744460747777124,
  "TA_Linear_Fixed_End": 0.41801906742462425,
  "WA_Exponential": 0.552140485048791,
  "WA_Linear": 0.5655637442863792,
  "WA_Linear_Fixed_End": 0.517715812736963
}