{
  "CMST_GD": 149899.78461538462,
  "CMST_HC": 37908.82307692307,
  "CMST_LAHC": 106543.33288590606,
  "CMST_LAHC_Improved": 108921.89127516783,
  "CMST_NLGD": 142939.8480769231,
  "CMST_Random_Walk": 149995.06057692302,
  "CMST_RR_Exponential": 149989.45769230768,
  "CMST_RR_Linear": 149272.7384615385,
  "CMST_RR_Linear_Fixed_End": 147934.83076923073,
  "CMST_SA_Exponential": 149997.85000000003,
  "CMST_SA_Exponential_Adaptive": 149995.5788461539,
  "CMST_SA_Exponential_Magic_Number": 149998.03461538462,
  "CMST_SA_Exponential_Magic_Number_0": 149992.75288461542,
  "CMST_SA_Exponential_Reheating": 149998.84903846149,
  "CMST_SA_Linear": 149993.43365384618,
  "CMST_SA_Linear_Fixed_End": 149997.38461538462,
  "CMST_TA_Exponential": 149995.6134615385,
  "CMST_TA_Linear": 149994.96057692304,
  "CMST_TA_Linear_Fixed_End": 149996.62980769228,
  "CMST_WA_Exponential": 149992.3259615384,
  "CMST_WA_Linear": 149986.7048076923,
  "CMST_WA_Linear_Fixed_End": 149317.98557692306
}