{
  "Simple_CVRP_GD": 1108.1628930817612,
  "Simple_CVRP_HC": 70936.66981132072,
  "Simple_CVRP_LAHC": 47673.57295597484,
  "Simple_CVRP_LAHC_Improved": 22050.41257861636,
  "Simple_CVRP_NLGD": 5044.175471698114,
  "Simple_CVRP_Random_Walk": 0.0,
  "Simple_CVRP_RR_Exponential": 693.105031446541,
  "Simple_CVRP_RR_Linear": 2081.7396226415085,
  "Simple_CVRP_RR_Linear_Fixed_End": 1494.1106918238995,
  "Simple_CVRP_SA_Exponential": 6.541509433962262,
  "Simple_CVRP_SA_Exponential_Adaptive": 99.08867924528298,
  "Simple_CVRP_SA_Exponential_Magic_Number": 6.724528301886789,
  "Simple_CVRP_SA_Exponential_Magic_Number_0": 7.51383647798742,
  "Simple_CVRP_SA_Exponential_Reheating": 6.986163522012581,
  "Simple_CVRP_SA_Linear": 7.646540880503146,
  "Simple_CVRP_SA_Linear_Fixed_End": 7.524528301886791,
  "Simple_CVRP_TA_Exponential": 8.606289308176104,
  "Simple_CVRP_TA_Linear": 7.689308176100627,
  "Simple_CVRP_TA_Linear_Fixed_End": 8.417610062893091,
  "Simple_CVRP_WA_Exponential": 61.45157232704398,
  "Simple_CVRP_WA_Linear": 248.4952830188681,
  "Simple_CVRP_WA_Linear_Fixed_End": 588.3622641509431
}