{
  "CVRP_GD": 587.4515723270437,
  "CVRP_HC": 526.014465408805,
  "CVRP_LAHC": 576.4748427672957,
  "CVRP_LAHC_Improved": 576.4628930817611,
  "CVRP_NLGD": 555.381761006289,
  "CVRP_Random_Walk": 616.4276729559749,
  "CVRP_RR_Exponential": 567.1415094339624,
  "CVRP_RR_Linear": 585.6163522012578,
  "CVRP_RR_Linear_Fixed_End": 582.5773584905664,
  "CVRP_SA_Exponential": 591.0433962264149,
  "CVRP_SA_Exponential_Adaptive": 581.6610062893079,
  "CVRP_SA_Exponential_Magic_Number": 579.87106918239,
  "CVRP_SA_Exponential_Magic_Number_0": 601.5459119496858,
  "CVRP_SA_Exponential_Reheating": 592.7811320754719,
  "CVRP_SA_Linear": 579.0150943396228,
  "CVRP_SA_Linear_Fixed_End": 587.8503144654086,
  "CVRP_TA_Exponential": 561.7150943396224,
  "CVRP_TA_Linear": 591.6981132075468,
  "CVRP_TA_Linear_Fixed_End": 594.127672955975,
  "CVRP_WA_Exponential": 555.0317610062895,
  "CVRP_WA_Linear": 568.8468553459119,
  "CVRP_WA_Linear_Fixed_End": 608.3408805031444
}