{
  "Simple_CVRP_GD": 112315.44088050316,
  "Simple_CVRP_HC": 376.90062893081745,
  "Simple_CVRP_LAHC": 44389.36981132076,
  "Simple_CVRP_LAHC_Improved": 45883.252201257856,
  "Simple_CVRP_NLGD": 103527.7610062893,
  "Simple_CVRP_Random_Walk": 149000.0,
  "Simple_CVRP_RR_Exponential": 113062.43647798746,
  "Simple_CVRP_RR_Linear": 113192.05345911955,
  "Simple_CVRP_RR_Linear_Fixed_End": 115093.29371069177,
  "Simple_CVRP_SA_Exponential": 133695.45345911945,
  "Simple_CVRP_SA_Exponential_Adaptive": 128980.76415094342,
  "Simple_CVRP_SA_Exponential_Magic_Number": 132497.1238993711,
  "Simple_CVRP_SA_Exponential_Magic_Number_0": 131983.3050314465,
  "Simple_CVRP_SA_Exponential_Reheating": 128907.29937106917,
  "Simple_CVRP_SA_Linear": 133388.93522012586,
  "Simple_CVRP_SA_Linear_Fixed_End": 135737.2584905661,
  "Simple_CVRP_TA_Exponential": 120814.59622641515,
  "Simple_CVRP_TA_Linear": 132921.49937106928,
  "Simple_CVRP_TA_Linear_Fixed_End": 132330.49685534587,
  "Simple_CVRP_WA_Exponential": 40210.00188679244,
  "Simple_CVRP_WA_Linear": 52482.776415094326,
  "Simple_CVRP_WA_Linear_Fixed_End": 83078.38993710691
}