{
  "CVRP_GD": 74.77798742138367,
  "CVRP_HC": 136.19182389937106,
  "CVRP_LAHC": 113.8446540880503,
  "CVRP_LAHC_Improved": 109.67106918238983,
  "CVRP_NLGD": 130.04654088050313,
  "CVRP_Random_Walk": 31.080503144654067,
  "CVRP_RR_Exponential": 132.9723270440252,
  "CVRP_RR_Linear": 97.63899371069185,
  "CVRP_RR_Linear_Fixed_End": 102.68176100628932,
  "CVRP_SA_Exponential": 99.11509433962264,
  "CVRP_SA_Exponential_Adaptive": 118.12075471698107,
  "CVRP_SA_Exponential_Magic_Number": 111.11886792452833,
  "CVRP_SA_Exponential_Magic_Number_0": 98.05786163522012,
  "CVRP_SA_Exponential_Reheating": 97.74591194968552,
  "CVRP_SA_Linear": 111.10188679245282,
  "CVRP_SA_Linear_Fixed_End": 102.02327044025164,
  "CVRP_TA_Exponential": 173.4113207547169,
  "CVRP_TA_Linear": 106.27295597484273,
  "CVRP_TA_Linear_Fixed_End": 103.38490566037736,
  "CVRP_WA_Exponential": 140.11257861635224,
  "CVRP_WA_Linear": 137.60471698113204,
  "CVRP_WA_Linear_Fixed_End": 98.95471698113204
}