{
  "CMST_GD": 1.0808751304904738,
  "CMST_HC": 1.0552212277350381,
  "CMST_LAHC": 1.0700766359230935,
  "CMST_LAHC_Improved": 1.0729519475125469,
  "CMST_NLGD": 1.0915538231989006,
  "CMST_Random_Walk": 0,
  "CMST_RR_Exponential": 1.085203464344348,
  "CMST_RR_Linear": 1.0972949564666354,
  "CMST_RR_Linear_Fixed_End": 1.084444397783587,
  "CMST_SA_Exponential": 1.107453498948058,
  "CMST_SA_Exponential_Adaptive": 1.102763021324205,
  "CMST_SA_Exponential_Magic_Number": 1.1142020175344738,
  "CMST_SA_Exponential_Magic_Number_0": 1.0982578314240459,
  "CMST_SA_Exponential_Reheating": 1.110541987267546,
  "CMST_SA_Linear": 1.120454590265876,
  "CMST_SA_Linear_Fixed_End": 1.1061416420757126,
  "CMST_TA_Exponential": 1.1018141937031332,
  "CMST_TA_Linear": 1.0961320965875927,
  "CMST_TA_Linear_Fixed_End": 1.0982768755966692,
  "CMST_WA_Exponential": 1.0698034561567624,
  "CMST_WA_Linear": 1.0723900380743474,
  "CMST_WA_Linear_Fixed_End": 1.0611865051605411
}