{
  "CVRP_GD": 1348378.6534591203,
  "CVRP_HC": 2604.0371069182397,
  "CVRP_LAHC": 534387.6981132072,
  "CVRP_LAHC_Improved": 896786.7245283022,
  "CVRP_NLGD": 382542.98679245275,
  "CVRP_Random_Walk": 8326661.910062893,
  "CVRP_RR_Exponential": 442696.0320754716,
  "CVRP_RR_Linear": 1631224.780503144,
  "CVRP_RR_Linear_Fixed_End": 1293917.1943396218,
  "CVRP_SA_Exponential": 3500202.5641509453,
  "CVRP_SA_Exponential_Adaptive": 2024527.208805032,
  "CVRP_SA_Exponential_Magic_Number": 2131531.4723270433,
  "CVRP_SA_Exponential_Magic_Number_0": 4006868.1559748417,
  "CVRP_SA_Exponential_Reheating": 3719027.719496857,
  "CVRP_SA_Linear": 2358218.4012578614,
  "CVRP_SA_Linear_Fixed_End": 3517142.602515723,
  "CVRP_TA_Exponential": 618405.1270440251,
  "CVRP_TA_Linear": 3402981.3578616343,
  "CVRP_TA_Linear_Fixed_End": 3752212.3345911936,
  "CVRP_WA_Exponential": 111960.96635220124,
  "CVRP_WA_Linear": 989097.7801886788,
  "CVRP_WA_Linear_Fixed_End": 5167414.3427672945
}