{
  "GD": 0.7263930674743069,
  "HC": 1.1634441111196825,
  "LAHC": 0.7160096866018817,
  "LAHC_Improved": 0.7202739766774213,
  "NLGD": 0.989398137344244,
  "Random_Walk": 2.5826601947415595,
  "RR_Exponential": 0.5508650574078899,
  "RR_Linear": 0.4231889230916108,
  "RR_Linear_Fixed_End": 0.3914087422275392,
  "SA_Exponential": 0.5290417072487674,
  "SA_Exponential_Adaptive": 0.5783096557505196,
  "SA_Exponential_Magic_Number": 0.5415797858837612,
  "SA_Exponential_Magic_Number_0": 0.5380063170605576,
  "SA_Exponential_Reheating": 0.526517344546984,
  "SA_Linear": 0.5271141115372746,
  "SA_Linear_Fixed_End": 0.538321281824583,
  "TA_Exponential": 0.7350315822467701,
  "TA_Linear": 0.49650208272722374,
  "TA_Linear_Fixed_End": 0.5105688615023585,
  "WA_Exponential": 1.1470363994144694,
  "WA_Linear": 0.9631689488277084,
  "WA_Linear_Fixed_End": 0.6611318300145719
}