{
  "GD": 1.1887276806167746,
  "HC": 1.3811882957131427,
  "LAHC": 0.9862275500437168,
  "LAHC_Improved": 0.988123566460497,
  "NLGD": 0.7127157684733598,
  "Random_Walk": 3.340277852326068,
  "RR_Exponential": 0.3146385946409813,
  "RR_Linear": 0.21774735488893082,
  "RR_Linear_Fixed_End": 0.24072700875046316,
  "SA_Exponential": 0.36296102475106284,
  "SA_Exponential_Adaptive": 0.5262770080571189,
  "SA_Exponential_Magic_Number": 0.3985483924241251,
  "SA_Exponential_Magic_Number_0": 0.4127635294826737,
  "SA_Exponential_Reheating": 0.4449274910718559,
  "SA_Linear": 0.4274250595695195,
  "SA_Linear_Fixed_End": 0.4431887363680831,
  "TA_Exponential": 0.5905259186416378,
  "TA_Linear": 0.3282058058759585,
  "TA_Linear_Fixed_End": 0.3584713229165315,
  "WA_Exponential": 1.3117962610661005,
  "WA_Linear": 1.2718218472955067,
  "WA_Linear_Fixed_End": 0.5798302574431702
}