{
  "GD": 0.4632713696195001,
  "HC": 0.5570493336758853,
  "LAHC": 0.28217982512923623,
  "LAHC_Improved": 0.30667704950455565,
  "NLGD": 0.3933451191785009,
  "Random_Walk": 2.225690958533444,
  "RR_Exponential": 0.1262460537092558,
  "RR_Linear": 0.14847082517808197,
  "RR_Linear_Fixed_End": 0.11161120190010809,
  "SA_Exponential": 0.17277596316416233,
  "SA_Exponential_Adaptive": 0.21174035792539403,
  "SA_Exponential_Magic_Number": 0.15926754123565257,
  "SA_Exponential_Magic_Number_0": 0.19665622602231814,
  "SA_Exponential_Reheating": 0.17538604902922472,
  "SA_Linear": 0.16741538234472664,
  "SA_Linear_Fixed_End": 0.20034524347265492,
  "TA_Exponential": 0.2759944198722719,
  "TA_Linear": 0.1787491540148567,
  "TA_Linear_Fixed_End": 0.1970580101287256,
  "WA_Exponential": 0.5099668714539929,
  "WA_Linear": 0.49638323929785955,
  "WA_Linear_Fixed_End": 0.30147187907274553
}