{
  "GD": 1.7090968673615148,
  "HC": 2.5949536534545237,
  "LAHC": 1.869663665561605,
  "LAHC_Improved": 1.879125238114332,
  "NLGD": 1.6945429325796901,
  "Random_Walk": 3.9455102773573447,
  "RR_Exponential": 0.9392067581653896,
  "RR_Linear": 0.7679603706546745,
  "RR_Linear_Fixed_End": 0.7537645528812753,
  "SA_Exponential": 1.062150990104116,
  "SA_Exponential_Adaptive": 1.397719320607238,
  "SA_Exponential_Magic_Number": 1.0763126693560388,
  "SA_Exponential_Magic_Number_0": 1.028586378044194,
  "SA_Exponential_Reheating": 1.149634362878249,
  "SA_Linear": 1.112234555606606,
  "SA_Linear_Fixed_End": 1.0862070512169586,
  "TA_Exponential": 1.4252003240755595,
  "TA_Linear": 0.972768265332058,
  "TA_Linear_Fixed_End": 0.972185944444548,
  "WA_Exponential": 2.515683415064207,
  "WA_Linear": 2.460859543904692,
  "WA_Linear_Fixed_End": 1.270405253109308
}