{
  "GD": 0.37103009816634724,
  "HC": 1.2149965275445984,
  "LAHC": 0.24360300187471484,
  "LAHC_Improved": 0.2214366144610347,
  "NLGD": 0.492396621300184,
  "Random_Walk": 2.3052163622347965,
  "RR_Exponential": 0.2693485840870036,
  "RR_Linear": 0.2132159009544221,
  "RR_Linear_Fixed_End": 0.2335811762609108,
  "SA_Exponential": 0.12718518578518356,
  "SA_Exponential_Adaptive": 0.1591782105409445,
  "SA_Exponential_Magic_Number": 0.14985333725077155,
  "SA_Exponential_Magic_Number_0": 0.15612597382106408,
  "SA_Exponential_Reheating": 0.17419401711735727,
  "SA_Linear": 0.10839564901945486,
  "SA_Linear_Fixed_End": 0.1191867406975744,
  "TA_Exponential": 0.31495298573172015,
  "TA_Linear": 0.12027580480915567,
  "TA_Linear_Fixed_End": 0.11894167361505836,
  "WA_Exponential": 0.1808674668968724,
  "WA_Linear": 0.19465527377622305,
  "WA_Linear_Fixed_End": 0.20310971016870294
}