{
  "CVRP_GD": 149280.3182389937,
  "CVRP_HC": 90299.69433962263,
  "CVRP_LAHC": 109184.99182389931,
  "CVRP_LAHC_Improved": 143156.41949685526,
  "CVRP_NLGD": 128315.88679245286,
  "CVRP_Random_Walk": 149978.83207547167,
  "CVRP_RR_Exponential": 148971.42704402504,
  "CVRP_RR_Linear": 149183.91257861635,
  "CVRP_RR_Linear_Fixed_End": 148909.71949685528,
  "CVRP_SA_Exponential": 149991.69937106915,
  "CVRP_SA_Exponential_Adaptive": 149931.3685534591,
  "CVRP_SA_Exponential_Magic_Number": 149993.06666666665,
  "CVRP_SA_Exponential_Magic_Number_0": 149988.04716981127,
  "CVRP_SA_Exponential_Reheating": 149985.74402515718,
  "CVRP_SA_Linear": 149981.49874213836,
  "CVRP_SA_Linear_Fixed_End": 149982.0207547169,
  "CVRP_TA_Exponential": 149977.62201257862,
  "CVRP_TA_Linear": 149985.32515723276,
  "CVRP_TA_Linear_Fixed_End": 149988.65157232707,
  "CVRP_WA_Exponential": 149952.09025157237,
  "CVRP_WA_Linear": 149961.11918239002,
  "CVRP_WA_Linear_Fixed_End": 149534.9968553459
}