{
  "Simple_CVRP_GD": 112527.0132075471,
  "Simple_CVRP_HC": 94806.22012578613,
  "Simple_CVRP_LAHC": 86764.78113207548,
  "Simple_CVRP_LAHC_Improved": 87717.50691823893,
  "Simple_CVRP_NLGD": 106002.89119496853,
  "Simple_CVRP_Random_Walk": 81494.47987421387,
  "Simple_CVRP_RR_Exponential": 113458.8025157233,
  "Simple_CVRP_RR_Linear": 118909.40754716974,
  "Simple_CVRP_RR_Linear_Fixed_End": 122864.99685534592,
  "Simple_CVRP_SA_Exponential": 114143.06289308172,
  "Simple_CVRP_SA_Exponential_Adaptive": 100502.53836477983,
  "Simple_CVRP_SA_Exponential_Magic_Number": 112269.10943396225,
  "Simple_CVRP_SA_Exponential_Magic_Number_0": 109069.81572327045,
  "Simple_CVRP_SA_Exponential_Reheating": 105770.07672955972,
  "Simple_CVRP_SA_Linear": 115963.06037735847,
  "Simple_CVRP_SA_Linear_Fixed_End": 119591.79308176102,
  "Simple_CVRP_TA_Exponential": 101252.98993710688,
  "Simple_CVRP_TA_Linear": 114263.52704402516,
  "Simple_CVRP_TA_Linear_Fixed_End": 113119.18050314474,
  "Simple_CVRP_WA_Exponential": 95832.78993710688,
  "Simple_CVRP_WA_Linear": 98921.72924528299,
  "Simple_CVRP_WA_Linear_Fixed_End": 98436.83773584913
}