{
  "Simple_CVRP_GD": 148900.81320754706,
  "Simple_CVRP_HC": 94807.81823899373,
  "Simple_CVRP_LAHC": 108926.97798742136,
  "Simple_CVRP_LAHC_Improved": 130018.96037735855,
  "Simple_CVRP_NLGD": 146009.3157232704,
  "Simple_CVRP_Random_Walk": 149994.9119496856,
  "Simple_CVRP_RR_Exponential": 149319.84528301872,
  "Simple_CVRP_RR_Linear": 147940.941509434,
  "Simple_CVRP_RR_Linear_Fixed_End": 148534.3823899371,
  "Simple_CVRP_SA_Exponential": 149994.91194968554,
  "Simple_CVRP_SA_Exponential_Adaptive": 149966.5352201257,
  "Simple_CVRP_SA_Exponential_Magic_Number": 149995.5352201258,
  "Simple_CVRP_SA_Exponential_Magic_Number_0": 149992.80377358492,
  "Simple_CVRP_SA_Exponential_Reheating": 149995.56352201253,
  "Simple_CVRP_SA_Linear": 149998.56855345913,
  "Simple_CVRP_SA_Linear_Fixed_End": 149997.22893081754,
  "Simple_CVRP_TA_Exponential": 149998.6132075471,
  "Simple_CVRP_TA_Linear": 149998.23773584902,
  "Simple_CVRP_TA_Linear_Fixed_End": 149992.520754717,
  "Simple_CVRP_WA_Exponential": 149987.19025157226,
  "Simple_CVRP_WA_Linear": 149862.2509433962,
  "Simple_CVRP_WA_Linear_Fixed_End": 149522.21761006297
}