{
  "CVRP_GD": 110338.85849056597,
  "CVRP_HC": 90299.07547169813,
  "CVRP_LAHC": 83275.03836477986,
  "CVRP_LAHC_Improved": 91993.44276729565,
  "CVRP_NLGD": 91166.16855345912,
  "CVRP_Random_Walk": 80680.03836477987,
  "CVRP_RR_Exponential": 99236.33710691823,
  "CVRP_RR_Linear": 122973.70314465402,
  "CVRP_RR_Linear_Fixed_End": 118230.41509433965,
  "CVRP_SA_Exponential": 115699.34716981139,
  "CVRP_SA_Exponential_Adaptive": 100888.02012578615,
  "CVRP_SA_Exponential_Magic_Number": 106618.41572327049,
  "CVRP_SA_Exponential_Magic_Number_0": 108929.59874213833,
  "CVRP_SA_Exponential_Reheating": 116865.872327044,
  "CVRP_SA_Linear": 109931.26981132082,
  "CVRP_SA_Linear_Fixed_End": 117616.2257861636,
  "CVRP_TA_Exponential": 95224.74905660374,
  "CVRP_TA_Linear": 115466.855345912,
  "CVRP_TA_Linear_Fixed_End": 116599.11698113197,
  "CVRP_WA_Exponential": 92240.49465408809,
  "CVRP_WA_Linear": 93692.62327044025,
  "CVRP_WA_Linear_Fixed_End": 112789.97610062888
}