{
  "CMST_GD": 37576.07211538462,
  "CMST_HC": 37908.5826923077,
  "CMST_LAHC": 30573.931543624174,
  "CMST_LAHC_Improved": 34117.15637583892,
  "CMST_NLGD": 36410.92596153844,
  "CMST_Random_Walk": 50282.61538461538,
  "CMST_RR_Exponential": 40570.073076923094,
  "CMST_RR_Linear": 47870.70384615387,
  "CMST_RR_Linear_Fixed_End": 39937.21153846152,
  "CMST_SA_Exponential": 40156.74423076922,
  "CMST_SA_Exponential_Adaptive": 35321.56057692308,
  "CMST_SA_Exponential_Magic_Number": 44175.657692307694,
  "CMST_SA_Exponential_Magic_Number_0": 38290.126923076925,
  "CMST_SA_Exponential_Reheating": 40383.64711538464,
  "CMST_SA_Linear": 45393.17596153844,
  "CMST_SA_Linear_Fixed_End": 43545.10865384616,
  "CMST_TA_Exponential": 38258.08942307692,
  "CMST_TA_Linear": 36011.209615384614,
  "CMST_TA_Linear_Fixed_End": 39680.27403846154,
  "CMST_WA_Exponential": 34634.80432692306,
  "CMST_WA_Linear": 36948.60721153846,
  "CMST_WA_Linear_Fixed_End": 30804.452884615373
}