{
  "CVRP_GD": 716.461006289308,
  "CVRP_HC": 75168.22578616353,
  "CVRP_LAHC": 45224.815094339625,
  "CVRP_LAHC_Improved": 7947.647169811322,
  "CVRP_NLGD": 31450.81823899372,
  "CVRP_Random_Walk": 0.0,
  "CVRP_RR_Exponential": 1158.1169811320756,
  "CVRP_RR_Linear": 893.3100628930815,
  "CVRP_RR_Linear_Fixed_End": 1155.934591194968,
  "CVRP_SA_Exponential": 10.769811320754721,
  "CVRP_SA_Exponential_Adaptive": 117.29245283018864,
  "CVRP_SA_Exponential_Magic_Number": 11.323899371069182,
  "CVRP_SA_Exponential_Magic_Number_0": 13.089308176100634,
  "CVRP_SA_Exponential_Reheating": 10.805660377358494,
  "CVRP_SA_Linear": 11.293081761006285,
  "CVRP_SA_Linear_Fixed_End": 12.39937106918239,
  "CVRP_TA_Exponential": 14.359119496855348,
  "CVRP_TA_Linear": 12.664150943396228,
  "CVRP_TA_Linear_Fixed_End": 12.58930817610063,
  "CVRP_WA_Exponential": 261.69654088050316,
  "CVRP_WA_Linear": 149.78930817610055,
  "CVRP_WA_Linear_Fixed_End": 571.7962264150943
}