{
  "CMST_GD": 121.99519230769229,
  "CMST_HC": 120045.52211538462,
  "CMST_LAHC": 45166.49865771812,
  "CMST_LAHC_Improved": 42290.37785234902,
  "CMST_NLGD": 11238.043269230768,
  "CMST_Random_Walk": 0.0,
  "CMST_RR_Exponential": 26.24903846153847,
  "CMST_RR_Linear": 756.3355769230768,
  "CMST_RR_Linear_Fixed_End": 2141.84423076923,
  "CMST_SA_Exponential": 13.138461538461538,
  "CMST_SA_Exponential_Adaptive": 15.792307692307698,
  "CMST_SA_Exponential_Magic_Number": 11.707692307692307,
  "CMST_SA_Exponential_Magic_Number_0": 14.810576923076919,
  "CMST_SA_Exponential_Reheating": 12.26057692307693,
  "CMST_SA_Linear": 11.40096153846154,
  "CMST_SA_Linear_Fixed_End": 18.047115384615395,
  "CMST_TA_Exponential": 17.53365384615385,
  "CMST_TA_Linear": 20.073076923076922,
  "CMST_TA_Linear_Fixed_End": 20.150000000000002,
  "CMST_WA_Exponential": 38.73317307692308,
  "CMST_WA_Linear": 62.317307692307686,
  "CMST_WA_Linear_Fixed_End": 804.6769230769231
}