{
  "Simple_CVRP_GD": 488.60503144654086,
  "Simple_CVRP_HC": 68.4213836477987,
  "Simple_CVRP_LAHC": 424.3314465408805,
  "Simple_CVRP_LAHC_Improved": 363.3691823899372,
  "Simple_CVRP_NLGD": 192.38867924528296,
  "Simple_CVRP_Random_Walk": 131.114465408805,
  "Simple_CVRP_RR_Exponential": 454.4283018867925,
  "Simple_CVRP_RR_Linear": 466.1540880503147,
  "Simple_CVRP_RR_Linear_Fixed_End": 472.9088050314467,
  "Simple_CVRP_SA_Exponential": 507.46352201257844,
  "Simple_CVRP_SA_Exponential_Adaptive": 514.9471698113205,
  "Simple_CVRP_SA_Exponential_Magic_Number": 499.46037735849046,
  "Simple_CVRP_SA_Exponential_Magic_Number_0": 529.3754716981135,
  "Simple_CVRP_SA_Exponential_Reheating": 492.61132075471687,
  "Simple_CVRP_SA_Linear": 484.10251572327064,
  "Simple_CVRP_SA_Linear_Fixed_End": 497.07735849056604,
  "Simple_CVRP_TA_Exponential": 345.70440251572336,
  "Simple_CVRP_TA_Linear": 473.4716981132077,
  "Simple_CVRP_TA_Linear_Fixed_End": 473.8106918238996,
  "Simple_CVRP_WA_Exponential": 327.5333333333332,
  "Simple_CVRP_WA_Linear": 347.15691823899374,
  "Simple_CVRP_WA_Linear_Fixed_End": 535.550943396226
}