{
  "CMST_GD": 68.4346153846154,
  "CMST_HC": 14.142307692307693,
  "CMST_LAHC": 66.22550335570472,
  "CMST_LAHC_Improved": 61.59865771812078,
  "CMST_NLGD": 49.67115384615383,
  "CMST_Random_Walk": 68.66538461538461,
  "CMST_RR_Exponential": 56.20576923076928,
  "CMST_RR_Linear": 77.50576923076922,
  "CMST_RR_Linear_Fixed_End": 68.78846153846153,
  "CMST_SA_Exponential": 104.43846153846152,
  "CMST_SA_Exponential_Adaptive": 99.19038461538463,
  "CMST_SA_Exponential_Magic_Number": 103.75576923076925,
  "CMST_SA_Exponential_Magic_Number_0": 105.02692307692307,
  "CMST_SA_Exponential_Reheating": 102.41538461538455,
  "CMST_SA_Linear": 103.01730769230767,
  "CMST_SA_Linear_Fixed_End": 103.70769230769227,
  "CMST_TA_Exponential": 89.54999999999998,
  "CMST_TA_Linear": 93.79807692307692,
  "CMST_TA_Linear_Fixed_End": 99.7846153846154,
  "CMST_WA_Exponential": 97.28461538461539,
  "CMST_WA_Linear": 96.22980769230767,
  "CMST_WA_Linear_Fixed_End": 103.68076923076926
}