{
  "CVRP_GD": 455.16226415094314,
  "CVRP_HC": 58.48238993710694,
  "CVRP_LAHC": 429.2138364779876,
  "CVRP_LAHC_Improved": 411.9308176100629,
  "CVRP_NLGD": 193.37295597484282,
  "CVRP_Random_Walk": 312.0729559748428,
  "CVRP_RR_Exponential": 355.9880503144653,
  "CVRP_RR_Linear": 446.732075471698,
  "CVRP_RR_Linear_Fixed_End": 436.4194968553458,
  "CVRP_SA_Exponential": 489.43396226415115,
  "CVRP_SA_Exponential_Adaptive": 440.70188679245297,
  "CVRP_SA_Exponential_Magic_Number": 423.5276729559748,
  "CVRP_SA_Exponential_Magic_Number_0": 526.6528301886792,
  "CVRP_SA_Exponential_Reheating": 496.3226415094338,
  "CVRP_SA_Linear": 417.05723270440245,
  "CVRP_SA_Linear_Fixed_End": 466.32641509433995,
  "CVRP_TA_Exponential": 250.53459119496856,
  "CVRP_TA_Linear": 475.7345911949684,
  "CVRP_TA_Linear_Fixed_End": 483.56477987421385,
  "CVRP_WA_Exponential": 150.06383647798728,
  "CVRP_WA_Linear": 260.1110062893085,
  "CVRP_WA_Linear_Fixed_End": 536.7163522012577
}