{
  "Simple_CVRP_GD": 614.109433962264,
  "Simple_CVRP_HC": 540.7037735849057,
  "Simple_CVRP_LAHC": 593.7861635220125,
  "Simple_CVRP_LAHC_Improved": 588.6119496855341,
  "Simple_CVRP_NLGD": 574.5081761006289,
  "Simple_CVRP_Random_Walk": 622.7698113207543,
  "Simple_CVRP_RR_Exponential": 597.346540880503,
  "Simple_CVRP_RR_Linear": 602.3169811320754,
  "Simple_CVRP_RR_Linear_Fixed_End": 605.1578616352207,
  "Simple_CVRP_SA_Exponential": 605.8911949685532,
  "Simple_CVRP_SA_Exponential_Adaptive": 606.58679245283,
  "Simple_CVRP_SA_Exponential_Magic_Number": 603.4578616352201,
  "Simple_CVRP_SA_Exponential_Magic_Number_0": 611.9691823899376,
  "Simple_CVRP_SA_Exponential_Reheating": 600.9974842767296,
  "Simple_CVRP_SA_Linear": 601.4811320754716,
  "Simple_CVRP_SA_Linear_Fixed_End": 604.4031446540881,
  "Simple_CVRP_TA_Exponential": 584.3050314465412,
  "Simple_CVRP_TA_Linear": 605.1817610062897,
  "Simple_CVRP_TA_Linear_Fixed_End": 604.8245283018865,
  "Simple_CVRP_WA_Exponential": 586.4135220125789,
  "Simple_CVRP_WA_Linear": 589.061320754717,
  "Simple_CVRP_WA_Linear_Fixed_End": 615.9100628930818
}