{
  "CMST_GD": 103.7519230769231,
  "CMST_HC": 71.32884615384617,
  "CMST_LAHC": 106.01476510067114,
  "CMST_LAHC_Improved": 105.52080536912753,
  "CMST_NLGD": 101.46923076923078,
  "CMST_Random_Walk": 128.79423076923078,
  "CMST_RR_Exponential": 102.2076923076923,
  "CMST_RR_Linear": 110.08269230769227,
  "CMST_RR_Linear_Fixed_End": 106.0596153846154,
  "CMST_SA_Exponential": 119.32115384615386,
  "CMST_SA_Exponential_Adaptive": 117.26923076923075,
  "CMST_SA_Exponential_Magic_Number": 119.36538461538461,
  "CMST_SA_Exponential_Magic_Number_0": 118.60769230769228,
  "CMST_SA_Exponential_Reheating": 118.66538461538455,
  "CMST_SA_Linear": 119.38653846153845,
  "CMST_SA_Linear_Fixed_End": 119.58076923076928,
  "CMST_TA_Exponential": 114.92884615384621,
  "CMST_TA_Linear": 116.23653846153843,
  "CMST_TA_Linear_Fixed_End": 118.58461538461538,
  "CMST_WA_Exponential": 119.27307692307684,
  "CMST_WA_Linear": 118.84999999999998,
  "CMST_WA_Linear_Fixed_End": 118.15769230769232
}