{
  "Simple_CVRP_GD": 160.2490566037736,
  "Simple_CVRP_HC": 246.55849056603768,
  "Simple_CVRP_LAHC": 210.8327044025158,
  "Simple_CVRP_LAHC_Improved": 240.68930817610038,
  "Simple_CVRP_NLGD": 226.91509433962264,
  "Simple_CVRP_Random_Walk": 111.02452830188676,
  "Simple_CVRP_RR_Exponential": 216.76666666666668,
  "Simple_CVRP_RR_Linear": 226.503144654088,
  "Simple_CVRP_RR_Linear_Fixed_End": 221.3905660377358,
  "Simple_CVRP_SA_Exponential": 208.70943396226417,
  "Simple_CVRP_SA_Exponential_Adaptive": 209.89999999999998,
  "Simple_CVRP_SA_Exponential_Magic_Number": 213.64842767295593,
  "Simple_CVRP_SA_Exponential_Magic_Number_0": 205.49056603773587,
  "Simple_CVRP_SA_Exponential_Reheating": 225.39559748427675,
  "Simple_CVRP_SA_Linear": 217.25094339622638,
  "Simple_CVRP_SA_Linear_Fixed_End": 210.6855345911949,
  "Simple_CVRP_TA_Exponential": 281.9849056603773,
  "Simple_CVRP_TA_Linear": 232.72704402515726,
  "Simple_CVRP_TA_Linear_Fixed_End": 237.788679245283,
  "Simple_CVRP_WA_Exponential": 229.0528301886791,
  "Simple_CVRP_WA_Linear": 230.19622641509446,
  "Simple_CVRP_WA_Linear_Fixed_End": 207.65408805031456
}