{
  "CMST_GD": 66216.33942307689,
  "CMST_HC": 11.544230769230769,
  "CMST_LAHC": 17814.56577181207,
  "CMST_LAHC_Improved": 19270.331543624157,
  "CMST_NLGD": 70205.6730769231,
  "CMST_Random_Walk": 149000.0,
  "CMST_RR_Exponential": 73132.49230769227,
  "CMST_RR_Linear": 81559.07788461533,
  "CMST_RR_Linear_Fixed_End": 73639.18846153843,
  "CMST_SA_Exponential": 113991.69615384616,
  "CMST_SA_Exponential_Adaptive": 108604.56346153842,
  "CMST_SA_Exponential_Magic_Number": 116991.20192307686,
  "CMST_SA_Exponential_Magic_Number_0": 106356.4201923077,
  "CMST_SA_Exponential_Reheating": 114539.79519230776,
  "CMST_SA_Linear": 119427.48846153842,
  "CMST_SA_Linear_Fixed_End": 114482.61923076921,
  "CMST_TA_Exponential": 101635.60000000003,
  "CMST_TA_Linear": 104489.71057692307,
  "CMST_TA_Linear_Fixed_End": 109754.99038461535,
  "CMST_WA_Exponential": 66561.69711538461,
  "CMST_WA_Linear": 68851.70240384615,
  "CMST_WA_Linear_Fixed_End": 50651.661538461565
}