{
  "Simple_CVRP_GD": 38852.215094339634,
  "Simple_CVRP_HC": 376.90062893081745,
  "Simple_CVRP_LAHC": 12411.861006289311,
  "Simple_CVRP_LAHC_Improved": 12812.850314465408,
  "Simple_CVRP_NLGD": 21087.021383647785,
  "Simple_CVRP_Random_Walk": 82042.20125786164,
  "Simple_CVRP_RR_Exponential": 30548.175471698127,
  "Simple_CVRP_RR_Linear": 36569.455974842786,
  "Simple_CVRP_RR_Linear_Fixed_End": 40218.96289308177,
  "Simple_CVRP_SA_Exponential": 45153.82767295597,
  "Simple_CVRP_SA_Exponential_Adaptive": 37400.8962264151,
  "Simple_CVRP_SA_Exponential_Magic_Number": 42313.993710691815,
  "Simple_CVRP_SA_Exponential_Magic_Number_0": 44145.65534591195,
  "Simple_CVRP_SA_Exponential_Reheating": 34841.00503144654,
  "Simple_CVRP_SA_Linear": 45123.951572327045,
  "Simple_CVRP_SA_Linear_Fixed_End": 50218.82012578615,
  "Simple_CVRP_TA_Exponential": 26031.49622641512,
  "Simple_CVRP_TA_Linear": 46088.13270440251,
  "Simple_CVRP_TA_Linear_Fixed_End": 45346.312578616365,
  "Simple_CVRP_WA_Exponential": 12822.384591194957,
  "Simple_CVRP_WA_Linear": 18782.612578616354,
  "Simple_CVRP_WA_Linear_Fixed_End": 34761.53144654088
}