{
  "CMST_GD": 13.065384615384614,
  "CMST_HC": 10.85192307692308,
  "CMST_LAHC": 16.135570469798658,
  "CMST_LAHC_Improved": 17.046979865771817,
  "CMST_NLGD": 10.746153846153847,
  "CMST_Random_Walk": 6.790384615384616,
  "CMST_RR_Exponential": 15.88076923076923,
  "CMST_RR_Linear": 13.766346153846156,
  "CMST_RR_Linear_Fixed_End": 14.53557692307692,
  "CMST_SA_Exponential": 10.799038461538455,
  "CMST_SA_Exponential_Adaptive": 12.619230769230771,
  "CMST_SA_Exponential_Magic_Number": 10.911538461538461,
  "CMST_SA_Exponential_Magic_Number_0": 10.493269230769227,
  "CMST_SA_Exponential_Reheating": 10.994230769230771,
  "CMST_SA_Linear": 10.899038461538465,
  "CMST_SA_Linear_Fixed_End": 10.852884615384625,
  "CMST_TA_Exponential": 17.400000000000002,
  "CMST_TA_Linear": 13.763461538461542,
  "CMST_TA_Linear_Fixed_End": 13.543269230769225,
  "CMST_WA_Exponential": 10.160576923076926,
  "CMST_WA_Linear": 10.276923076923072,
  "CMST_WA_Linear_Fixed_End": 9.897115384615384
}