{
  "CVRP_GD": 26604.196855345923,
  "CVRP_HC": 166.27421383647797,
  "CVRP_LAHC": 9259.086792452823,
  "CVRP_LAHC_Improved": 16061.793710691825,
  "CVRP_NLGD": 9319.042138364783,
  "CVRP_Random_Walk": 79294.05974842764,
  "CVRP_RR_Exponential": 14991.342767295595,
  "CVRP_RR_Linear": 33984.75157232704,
  "CVRP_RR_Linear_Fixed_End": 30164.549056603773,
  "CVRP_SA_Exponential": 37857.17924528301,
  "CVRP_SA_Exponential_Adaptive": 26616.36037735849,
  "CVRP_SA_Exponential_Magic_Number": 28896.846540880506,
  "CVRP_SA_Exponential_Magic_Number_0": 36358.61257861636,
  "CVRP_SA_Exponential_Reheating": 39206.15471698114,
  "CVRP_SA_Linear": 30756.26415094339,
  "CVRP_SA_Linear_Fixed_End": 37975.90377358492,
  "CVRP_TA_Exponential": 16987.0641509434,
  "CVRP_TA_Linear": 41490.6,
  "CVRP_TA_Linear_Fixed_End": 43915.3754716981,
  "CVRP_WA_Exponential": 601.1528301886798,
  "CVRP_WA_Linear": 8467.930503144653,
  "CVRP_WA_Linear_Fixed_End": 40232.082389937124
}