{
  "CMST_GD": 5156.164423076922,
  "CMST_HC": 11.544230769230769,
  "CMST_LAHC": 4268.102013422818,
  "CMST_LAHC_Improved": 4851.263087248321,
  "CMST_NLGD": 8649.265384615384,
  "CMST_Random_Walk": 65432.23846153845,
  "CMST_RR_Exponential": 14366.605769230768,
  "CMST_RR_Linear": 21455.593269230772,
  "CMST_RR_Linear_Fixed_End": 14726.810576923071,
  "CMST_SA_Exponential": 34575.99903846152,
  "CMST_SA_Exponential_Adaptive": 31295.81346153846,
  "CMST_SA_Exponential_Magic_Number": 36980.153846153844,
  "CMST_SA_Exponential_Magic_Number_0": 26820.94326923076,
  "CMST_SA_Exponential_Reheating": 35071.80288461539,
  "CMST_SA_Linear": 39006.25961538462,
  "CMST_SA_Linear_Fixed_End": 35259.60576923077,
  "CMST_TA_Exponential": 23992.28365384616,
  "CMST_TA_Linear": 25637.988461538458,
  "CMST_TA_Linear_Fixed_End": 29607.186538461534,
  "CMST_WA_Exponential": 21030.412019230775,
  "CMST_WA_Linear": 22187.571634615382,
  "CMST_WA_Linear_Fixed_End": 16077.344230769235
}