{
  "CVRP_GD": 87984.93081761006,
  "CVRP_HC": 166.27421383647797,
  "CVRP_LAHC": 35657.1610062893,
  "CVRP_LAHC_Improved": 44775.68490566038,
  "CVRP_NLGD": 53443.464779874215,
  "CVRP_Random_Walk": 149000.0,
  "CVRP_RR_Exponential": 86598.61761006291,
  "CVRP_RR_Linear": 94823.08742138367,
  "CVRP_RR_Linear_Fixed_End": 92472.79056603777,
  "CVRP_SA_Exponential": 113821.99371069185,
  "CVRP_SA_Exponential_Adaptive": 104022.434591195,
  "CVRP_SA_Exponential_Magic_Number": 106465.70880503139,
  "CVRP_SA_Exponential_Magic_Number_0": 112732.8025157233,
  "CVRP_SA_Exponential_Reheating": 114920.99999999996,
  "CVRP_SA_Linear": 107639.32138364781,
  "CVRP_SA_Linear_Fixed_End": 113247.48301886786,
  "CVRP_TA_Exponential": 94865.61446540883,
  "CVRP_TA_Linear": 117209.05157232708,
  "CVRP_TA_Linear_Fixed_End": 119712.85723270437,
  "CVRP_WA_Exponential": 5965.5893081761005,
  "CVRP_WA_Linear": 35173.03899371073,
  "CVRP_WA_Linear_Fixed_End": 86787.49371069182
}