{
  "CMST_GD": 1.0255807820166376,
  "CMST_HC": 0.5233535450249129,
  "CMST_LAHC": 0.7196882336179498,
  "CMST_LAHC_Improved": 0.6995183718132368,
  "CMST_NLGD": 1.025870358552405,
  "CMST_Random_Walk": 1.148782032880988,
  "CMST_RR_Exponential": 1.0208424517613985,
  "CMST_RR_Linear": 1.0365940611034685,
  "CMST_RR_Linear_Fixed_End": 1.0237842419713428,
  "CMST_SA_Exponential": 1.0670681058645786,
  "CMST_SA_Exponential_Adaptive": 1.0575195172939653,
  "CMST_SA_Exponential_Magic_Number": 1.070537332775211,
  "CMST_SA_Exponential_Magic_Number_0": 1.057737202566106,
  "CMST_SA_Exponential_Reheating": 1.0648912222132192,
  "CMST_SA_Linear": 1.0756031206917718,
  "CMST_SA_Linear_Fixed_End": 1.0725228751176812,
  "CMST_TA_Exponential": 1.0414681526501872,
  "CMST_TA_Linear": 1.0451477495725396,
  "CMST_TA_Linear_Fixed_End": 1.0572865036658259,
  "CMST_WA_Exponential": 1.0798158370726951,
  "CMST_WA_Linear": 1.0794714077740886,
  "CMST_WA_Linear_Fixed_End": 1.0775523887788376
}