{
  "CVRP_GD": 1.0172926408811247,
  "CVRP_HC": 0.9231023222211889,
  "CVRP_LAHC": 0.988988363670134,
  "CVRP_LAHC_Improved": 0.9788805956957203,
  "CVRP_NLGD": 0.9986742964325114,
  "CVRP_Random_Walk": 1.0698469930857173,
  "CVRP_RR_Exponential": 1.007990837320021,
  "CVRP_RR_Linear": 1.0208527235258278,
  "CVRP_RR_Linear_Fixed_End": 1.0171560153739594,
  "CVRP_SA_Exponential": 1.029294743375829,
  "CVRP_SA_Exponential_Adaptive": 1.0176336796860668,
  "CVRP_SA_Exponential_Magic_Number": 1.0172562792637974,
  "CVRP_SA_Exponential_Magic_Number_0": 1.0334598956164476,
  "CVRP_SA_Exponential_Reheating": 1.0312643200371445,
  "CVRP_SA_Linear": 1.018856042023694,
  "CVRP_SA_Linear_Fixed_End": 1.0284701027642924,
  "CVRP_TA_Exponential": 1.0075493038813295,
  "CVRP_TA_Linear": 1.0275936952026816,
  "CVRP_TA_Linear_Fixed_End": 1.0305088569499472,
  "CVRP_WA_Exponential": 1.0200517714717146,
  "CVRP_WA_Linear": 1.0244834339567492,
  "CVRP_WA_Linear_Fixed_End": 1.0636058973065756
}