{
  "CVRP_GD": 1.0351962017720069,
  "CVRP_HC": 1.018420569030578,
  "CVRP_LAHC": 1.0204864352739584,
  "CVRP_LAHC_Improved": 1.0244146457117245,
  "CVRP_NLGD": 1.0237770982430427,
  "CVRP_Random_Walk": 0,
  "CVRP_RR_Exponential": 1.0286140551563778,
  "CVRP_RR_Linear": 1.043114940061583,
  "CVRP_RR_Linear_Fixed_End": 1.0392824759564392,
  "CVRP_SA_Exponential": 1.0494583861768365,
  "CVRP_SA_Exponential_Adaptive": 1.0404673419247759,
  "CVRP_SA_Exponential_Magic_Number": 1.0429148941584763,
  "CVRP_SA_Exponential_Magic_Number_0": 1.0410142500992912,
  "CVRP_SA_Exponential_Reheating": 1.0503375686832563,
  "CVRP_SA_Linear": 1.0448787249645946,
  "CVRP_SA_Linear_Fixed_End": 1.0504252084480326,
  "CVRP_TA_Exponential": 1.0306759796897496,
  "CVRP_TA_Linear": 1.0497628269733468,
  "CVRP_TA_Linear_Fixed_End": 1.0517585461048966,
  "CVRP_WA_Exponential": 1.0187187248985787,
  "CVRP_WA_Linear": 1.023061407086418,
  "CVRP_WA_Linear_Fixed_End": 1.0313243520980104
}