{
  "Simple_CVRP_GD": 1.0340278880627174,
  "Simple_CVRP_HC": 1.019418881555829,
  "Simple_CVRP_LAHC": 1.0211053449904501,
  "Simple_CVRP_LAHC_Improved": 1.0217433012515613,
  "Simple_CVRP_NLGD": 1.0299032453757626,
  "Simple_CVRP_Random_Walk": 0,
  "Simple_CVRP_RR_Exponential": 1.0335329732708942,
  "Simple_CVRP_RR_Linear": 1.0384613068725908,
  "Simple_CVRP_RR_Linear_Fixed_End": 1.0419015822850703,
  "Simple_CVRP_SA_Exponential": 1.044842459074793,
  "Simple_CVRP_SA_Exponential_Adaptive": 1.0353429228548716,
  "Simple_CVRP_SA_Exponential_Magic_Number": 1.0428549260690614,
  "Simple_CVRP_SA_Exponential_Magic_Number_0": 1.0356873547129692,
  "Simple_CVRP_SA_Exponential_Reheating": 1.0368257328672048,
  "Simple_CVRP_SA_Linear": 1.04658869230729,
  "Simple_CVRP_SA_Linear_Fixed_End": 1.049763349443505,
  "Simple_CVRP_TA_Exponential": 1.0329396046744723,
  "Simple_CVRP_TA_Linear": 1.0426110383552303,
  "Simple_CVRP_TA_Linear_Fixed_End": 1.040741134051395,
  "Simple_CVRP_WA_Exponential": 1.020058162924569,
  "Simple_CVRP_WA_Linear": 1.021803460462267,
  "Simple_CVRP_WA_Linear_Fixed_End": 1.023380251625546
}