{
  "Simple_CVRP_GD": 1.0337230294204975,
  "Simple_CVRP_HC": 0.9394370059188539,
  "Simple_CVRP_LAHC": 0.9800948584375093,
  "Simple_CVRP_LAHC_Improved": 0.959470547533749,
  "Simple_CVRP_NLGD": 0.9730052239169573,
  "Simple_CVRP_Random_Walk": 1.0595577446112785,
  "Simple_CVRP_RR_Exponential": 1.0203568099349385,
  "Simple_CVRP_RR_Linear": 1.0282223016583223,
  "Simple_CVRP_RR_Linear_Fixed_End": 1.0321529545402632,
  "Simple_CVRP_SA_Exponential": 1.0392587377025748,
  "Simple_CVRP_SA_Exponential_Adaptive": 1.0359189909967506,
  "Simple_CVRP_SA_Exponential_Magic_Number": 1.0357511143352247,
  "Simple_CVRP_SA_Exponential_Magic_Number_0": 1.040676020307947,
  "Simple_CVRP_SA_Exponential_Reheating": 1.0258939438150065,
  "Simple_CVRP_SA_Linear": 1.0387521467762693,
  "Simple_CVRP_SA_Linear_Fixed_End": 1.0441006716026016,
  "Simple_CVRP_TA_Exponential": 1.0153087393003577,
  "Simple_CVRP_TA_Linear": 1.0352772383447342,
  "Simple_CVRP_TA_Linear_Fixed_End": 1.03440875735517,
  "Simple_CVRP_WA_Exponential": 1.0346951935868862,
  "Simple_CVRP_WA_Linear": 1.0397701519245357,
  "Simple_CVRP_WA_Linear_Fixed_End": 1.0575061588183932
}