{
  "Simple_CVRP_GD": 2098120.66100629,
  "Simple_CVRP_HC": 5699.179245283018,
  "Simple_CVRP_LAHC": 807656.7182389934,
  "Simple_CVRP_LAHC_Improved": 712441.7176100628,
  "Simple_CVRP_NLGD": 541392.2622641508,
  "Simple_CVRP_Random_Walk": 5662365.348427671,
  "Simple_CVRP_RR_Exponential": 950699.9484276728,
  "Simple_CVRP_RR_Linear": 1379699.4433962267,
  "Simple_CVRP_RR_Linear_Fixed_End": 1647350.3880503143,
  "Simple_CVRP_SA_Exponential": 3376518.003773584,
  "Simple_CVRP_SA_Exponential_Adaptive": 2979989.6308176094,
  "Simple_CVRP_SA_Exponential_Magic_Number": 3078484.657861634,
  "Simple_CVRP_SA_Exponential_Magic_Number_0": 3517613.32389937,
  "Simple_CVRP_SA_Exponential_Reheating": 2059465.8352201243,
  "Simple_CVRP_SA_Linear": 3460855.6270440253,
  "Simple_CVRP_SA_Linear_Fixed_End": 4027335.694968555,
  "Simple_CVRP_TA_Exponential": 802759.1654088049,
  "Simple_CVRP_TA_Linear": 2646084.349685535,
  "Simple_CVRP_TA_Linear_Fixed_End": 2586661.1924528293,
  "Simple_CVRP_WA_Exponential": 1260379.9254716975,
  "Simple_CVRP_WA_Linear": 1803993.9468553467,
  "Simple_CVRP_WA_Linear_Fixed_End": 3338895.283018867
}