{
  "CMST_GD": 326064.3115384615,
  "CMST_HC": 102.91923076923078,
  "CMST_LAHC": 210426.92214765088,
  "CMST_LAHC_Improved": 229504.24832214776,
  "CMST_NLGD": 465614.9884615385,
  "CMST_Random_Walk": 3237114.703846152,
  "CMST_RR_Exponential": 508079.61346153845,
  "CMST_RR_Linear": 784786.5365384613,
  "CMST_RR_Linear_Fixed_End": 544907.9269230769,
  "CMST_SA_Exponential": 1765063.2096153847,
  "CMST_SA_Exponential_Adaptive": 1545610.8250000007,
  "CMST_SA_Exponential_Magic_Number": 1888577.4980769237,
  "CMST_SA_Exponential_Magic_Number_0": 1525281.5153846154,
  "CMST_SA_Exponential_Reheating": 1782354.444230769,
  "CMST_SA_Linear": 2002930.042307693,
  "CMST_SA_Linear_Fixed_End": 1826547.2326923083,
  "CMST_TA_Exponential": 1204316.480769231,
  "CMST_TA_Linear": 1306715.5134615386,
  "CMST_TA_Linear_Fixed_End": 1520058.7653846156,
  "CMST_WA_Exponential": 1134589.509615385,
  "CMST_WA_Linear": 1196317.9211538464,
  "CMST_WA_Linear_Fixed_End": 953375.7884615379
}